no,name,description
1,Luminafox,"The Luminafox is a nocturnal creature inhabiting the luminescent forests of Nyxland. With fur that glows softly in the dark, it navigates dense woods using bioluminescent trails. The Luminafox feeds on nocturnal insects attracted to its radiant fur, making it both predator and lure. Its large, iridescent eyes allow it to see in near-total darkness, and its bushy tail emits light patterns used for communication. Known for its elusive nature, the Luminafox is rarely seen by humans, adding to the mystique of Nyxland's woods. Legends say that glimpsing a Luminafox brings good fortune and guidance."
2,Aquaflare,"The Aquaflare is a marine creature found in the fiery waters near the volcanic isles of Pyronia. Resembling a blend of dolphin and salamander, it has heat-resistant scales that shimmer with fiery hues. The Aquaflare feeds on magma-dwelling microorganisms, filtering them through specialized gills. Its unique ability to withstand extreme temperatures allows it to dive into underwater lava flows. Communicating through ultrasonic clicks, it navigates the treacherous waters with ease. The Aquaflare symbolizes the harmony of fire and water in Pyronian folklore and is revered by local inhabitants."
3,Zephyrwing,"The Zephyrwing is a sky-dwelling creature floating among high-altitude clouds over Aetheria. With gossamer-thin wings, it rides wind currents effortlessly. Feeding on airborne pollen and microscopic spores, it filters them through a sieve-like beak. Its translucent body refracts sunlight into a spectrum of colors, making it appear like a floating rainbow. Zephyrwings gather in large swarms during solstices, creating breathtaking aerial displays. Their migratory patterns are believed to influence Aetheria's weather, and they are often studied by scholars and admired by sky gazers alike."
4,Shadowpede,"The Shadowpede is an underground arthropod native to the caverns of Umbra Hollow. It has a segmented body that stretches and compresses to navigate tight tunnels. Blind but possessing heightened senses of touch and vibration, it detects prey and predators with precision. Feeding on mineral-rich fungi and small subterranean creatures, the Shadowpede plays a crucial role in the cave ecosystem. It can excrete a dark, light-absorbing substance, rendering it nearly invisible. Often, only the faint clicking of its numerous legs reveals its presence in the silent caverns."
5,Frosthorn,"The Frosthorn is a majestic herbivore residing in the icy tundras of Glaciera. Resembling a large deer with crystalline antlers, it stores and refracts sunlight to generate heat. Grazing on hardy lichens and mosses beneath the snow, the Frosthorn thrives in freezing temperatures. Its thick, iridescent fur provides excellent insulation. The antlers are prized for their beauty and rumored healing properties. Migrating seasonally, Frosthorns follow the auroras dancing across polar skies, which they use for navigation. Their graceful presence is a cherished sight among the snow-covered landscapes."
6,Emberclaw,"The Emberclaw is a reptilian predator found in the ash-covered plains of Cinderveil. With scales that glow like smoldering embers, it blends into its fiery environment. Preying on small mammals, it heats its claws to ignite dry vegetation, flushing out hidden prey. Its eyes are protected by heat-resistant membranes, allowing it to see through smoke and ash. The Emberclaw lays eggs in warm soil near volcanic vents, ensuring steady incubation temperatures. Revered and feared, it embodies the relentless spirit of the volcanic lands."
7,Mistlynx,"The Mistlynx is a solitary feline inhabiting the fog-laden forests of Whisperwood. Sporting silver-gray fur, it disappears seamlessly into the mist. Hunting birds and small mammals, it uses acute hearing and stealth for silent approaches. Tufted ears enhance its ability to detect faint sounds. Communicating through low-frequency purrs that travel through dense fog, the Mistlynx remains an enigma. Locals believe that crossing paths with a Mistlynx brings good fortune, and it features prominently in Whisperwood folklore."
8,Sunflower Turtle,"The Sunflower Turtle dwells in the sun-drenched meadows of Solaria. Its shell resembles a sunflower, complete with petal-like extensions that absorb sunlight. A gentle herbivore, it feeds on grasses and wildflowers, using solar energy to sustain its slow metabolism. Basking in open fields, these turtles turn their shells toward the sun like living sundials. Their presence is said to promote plant growth due to nutrients they release into the soil. The Sunflower Turtle symbolizes harmony with nature and is a beloved sight in Solarian culture."
9,Thunderbeetle,"Native to the storm-ridden cliffs of Tempest Ridge, the Thunderbeetle stores electrical energy from lightning strikes in specialized organs. Feeding on mineral deposits exposed by erosion, it thrives in harsh conditions. During mating season, clusters release stored electricity, creating spectacular lightning displays. With highly conductive exoskeletons, Thunderbeetles are revered by locals who believe they can influence the weather. They play a pivotal role in the region's mythology and are often featured in Tempest Ridge art and stories."
10,Dreamwhale,"The Dreamwhale is an enormous creature roaming the deepest oceans of the Reverie Sea. Emitting low-frequency sounds that induce vivid dreams in nearby marine life, it is shrouded in mystery. Feeding on plankton and small fish filtered through baleen-like structures, it sustains its massive size gracefully. Its skin shimmers with bioluminescent patterns corresponding to its sonic emissions. Sailors tell tales of encountering Dreamwhales and experiencing fantastical visions. Considered guardians of the ocean's secrets, Dreamwhales are a symbol of the unexplored depths and wonders of the sea."
11,Moonstalker,"The Moonstalker is a nocturnal predator prowling the silver dunes of Lunar Plains. Its sleek, reflective coat shimmers under moonlight, rendering it nearly invisible against the sands. Feeding on small desert creatures, it uses acute night vision and silent footsteps to stalk prey. The Moonstalker communicates through soft, melodic howls that echo across the dunes, serving both as territorial markers and mating calls. Legends speak of the Moonstalker's howl bringing clarity to lost travelers, guiding them under the starlit sky."
12,Floraffle,"The Floraffle is a gentle giant wandering the lush jungles of Verdantia. With a body resembling a giraffe entwined with vines and leaves, it blends seamlessly with the dense foliage. Feeding on canopy fruits and nectar, it uses a long, flexible tongue to reach high branches. The Floraffle's footsteps promote plant growth, thanks to spores released from its leafy mane. Its presence fosters biodiversity, making it a cornerstone species in Verdantia's ecosystem. Often considered a symbol of harmony, the Floraffle is celebrated in local festivals."
13,Stonesinger,"The Stonesinger dwells in the echoing canyons of Echo Valley. This avian creature has feathers made of mineralized fibers, giving it a rocky appearance. It feeds on insects that live within the canyon walls, extracting them with a sharp, beak-like tool. The Stonesinger produces melodious tones by vibrating its feathers against the canyon surfaces, creating harmonies that resonate for miles. These songs are used for mating and navigation. Researchers study the Stonesinger's melodies to understand seismic activities, as their songs often predict shifts in the earth."
14,Whirlpool Serpent,"Inhabiting the swirling waters of Maelstrom Sea, the Whirlpool Serpent is an aquatic creature capable of generating whirlpools. With a long, flexible body and fins that can rotate rapidly, it stirs the ocean currents to trap schools of fish, its primary diet. Its scales reflect the colors of the deep sea, providing camouflage against predators. The Whirlpool Serpent communicates through pulsating light patterns along its body. Sailors regard sightings of this creature as omens of turbulent waters ahead and often navigate cautiously when it's near."
15,Glowhopper,"The Glowhopper is an insect-like creature residing in the bioluminescent marshes of Lumina Bog. About the size of a small bird, it emits a soft glow from its abdomen, attracting nocturnal pollinators to the luminescent flowers it frequents. Feeding on nectar, the Glowhopper plays a crucial role in pollination. It moves by hopping on powerful hind legs, leaving trails of light in its wake. Local folklore tells of Glowhoppers guiding lost souls through the marshes, serving as beacons in the enveloping darkness."
16,Thunderhorn,"Native to the stormy highlands of Tempestra, the Thunderhorn is a robust mammal with horn structures that store electrical energy. Grazing on electrified grasses charged by frequent lightning strikes, it converts this energy for defensive displays. When threatened, the Thunderhorn can release electrical discharges through its horns, deterring predators. Its thick, insulating hide protects it from both cold and electrical shocks. Herds of Thunderhorns are often seen silhouetted against stormy skies, their horns crackling with stored energyâ€”a majestic sight that inspires many Tempestran legends."
17,Sandstrider,"The Sandstrider roams the vast deserts of Aridia. Resembling a cross between a camel and a large feline, it has elongated limbs adapted for swift movement across shifting sands. Feeding on desert shrubs and insects, it conserves water efficiently. The Sandstrider's large ears dissipate heat and detect sounds over great distances. It travels in small groups, communicating through low-frequency rumbles. Bedouin tribes revere the Sandstrider for its resilience and often consider it a totem animal symbolizing endurance."
18,Firetail Lynx,"The Firetail Lynx inhabits the ember forests of Ashenwood. With a fiery-colored tail that flickers like flames, it uses this feature to mesmerize prey and communicate with others. Feeding on small rodents and birds, it is a stealthy predator with padded paws that mute its footsteps. The Firetail Lynx's fur is ash-gray, providing camouflage among the burnt trees. During mating season, its tail glows brighter, and elaborate dances are performed to attract mates. The locals believe that the Firetail Lynx brings renewal to the forest, symbolizing rebirth from the ashes."
19,Rainbloom Hare,"The Rainbloom Hare is found in the flower-laden meadows of Prism Plains. Its fur changes color with the seasons, reflecting the hues of the surrounding blossoms. Feeding on nectar and petals, it has a unique digestive system that allows it to extract nutrients from flowers. The Rainbloom Hare is swift and elusive, often seen as a blur of colors darting through the fields. Its presence is said to herald the arrival of spring, and it plays a key role in pollination, spreading pollen as it moves from flower to flower."
20,Echo Falcon,"The Echo Falcon soars above the resonant mountains of Sonus Range. Equipped with exceptional hearing and echolocation abilities, it navigates and hunts in foggy conditions where visibility is low. Its calls produce echoes that map the terrain and locate prey hidden in crevices. Feeding mainly on small mammals and reptiles, the Echo Falcon is a master of the skies. Its feathers have specialized structures that reduce noise during flight, allowing it to approach prey silently. Revered by the mountain tribes, it is often associated with wisdom and guidance."
21,Mossback Tortoise,"The Mossback Tortoise roams the damp forests of Evergreen Hollow. Its shell is covered with moss and small plants, providing excellent camouflage against the forest floor. A slow-moving herbivore, it feeds on fungi, decaying wood, and foliage. The Mossback Tortoise plays a crucial role in seed dispersion, as plants grow on its shell and release seeds as it moves. Its longevity is legendary, with some individuals living for centuries. The forest dwellers consider the Mossback Tortoise a symbol of endurance and the guardian of ancient knowledge."
22,Shardwing Dragonfly,"The Shardwing Dragonfly inhabits the crystalline wetlands of Glimmer Fen. Its wings are translucent and refract light into sparkling patterns, dazzling predators and prey alike. Feeding on smaller insects, it is an agile flyer capable of rapid maneuvers. The Shardwing Dragonfly's lifecycle is closely tied to the mineral-rich waters, where its larvae develop among the crystals. Scientists study this creature for insights into light manipulation and optics. In local folklore, it is seen as a messenger between the physical and spiritual realms."
23,Terra Mole,"The Terra Mole tunnels beneath the fertile plains of Agroland. With powerful claws and a keen sense of earth vibrations, it aerates the soil, promoting plant growth. Its diet consists of earthworms, grubs, and subterranean fungi. The Terra Mole has a symbiotic relationship with root systems, often guiding its tunnels to support plant health. Farmers value its presence, as it enhances crop yields. Blind but highly adapted to its environment, the Terra Mole is a master engineer of the underground world."
24,Nimbus Ray,"The Nimbus Ray glides through the cloud seas above Skyreach Peaks. Resembling a manta ray but airborne, it soars on thermal currents, feeding on airborne plankton and spores. Its wide fins capture wind currents, and a lightweight skeletal structure allows for buoyancy. The Nimbus Ray's skin absorbs moisture from clouds, which it uses for hydration. During mating season, groups perform aerial dances, creating patterns in the sky. Pilots and airship captains regard the Nimbus Ray as a sign of fair weather."
25,Cinderclaw Crab,"The Cinderclaw Crab dwells along the volcanic shores of Ember Coast. With claws that can withstand extreme heat, it feeds on organisms living in hot tidal pools. Its shell is coated with a heat-resistant substance, allowing it to venture into areas others cannot. The Cinderclaw Crab plays a role in the ecosystem by breaking down volcanic rocks into soil. Its movements help in the natural process of land formation. Fishermen tell tales of the crab's resilience and consider it a symbol of perseverance."
26,Silkspinner Moth,"The Silkspinner Moth inhabits the enchanted forests of Mythgrove. It produces silk with magical properties, used by local artisans to weave enchanted garments. Feeding on mystical herbs and flowers, the moth has iridescent wings that shimmer in moonlight. The Silkspinner Moth undergoes a metamorphosis influenced by lunar cycles. It is a creature of beauty and wonder, often depicted in art and poetry. Protecting the moth's habitat is considered essential by the inhabitants, who see it as a link between nature and magic."
27,Frostfang Wolf,"The Frostfang Wolf roams the frozen tundras of Northreach. Its sharp fangs are coated with a layer of frost, which can freeze prey upon biting. Hunting in packs, it preys on large mammals and is known for its strategic coordination. The Frostfang Wolf has thick fur and a layer of fat for insulation against the cold. Its howls are haunting melodies that echo across the icy plains. Regarded with both fear and respect, it is a powerful symbol in the culture of the northern tribes."
28,Mirephant,"The Mirephant is a swamp-dwelling mammal found in the murky wetlands of Swamporia. Similar in size to a small elephant but with amphibian-like skin, it wallows in mud to regulate body temperature and deter parasites. Feeding on aquatic plants and small fish, it uses a prehensile snout to forage underwater. The Mirephant's deep bellows resonate through the swamp, communicating territory and attracting mates. Despite its intimidating size, it's known to be a gentle creature, playing a vital role in maintaining the health of Swamporia's wetland ecosystem."
29,Skywhisp,"The Skywhisp inhabits the upper atmosphere above the Floating Peaks. With a body akin to a jellyfish, it floats effortlessly on air currents. Feeding on airborne particles and moisture, it absorbs nutrients through its semi-permeable skin. Bioluminescent tendrils dangle beneath it, creating mesmerizing patterns that can be seen from the ground on clear nights. The Skywhisp reproduces by releasing spores into the jet stream, spreading its progeny across continents. Considered ethereal beings, they are subjects of many myths and are often associated with wishes and dreams."
30,Shadowfin Eel,"The Shadowfin Eel inhabits the deepest trenches of the Abyssal Ocean. With a slender, elongated body, it can navigate the narrowest crevices. Its scales absorb minimal light, rendering it nearly invisible in dark waters. Feeding on bioluminescent plankton, it uses light-sensitive organs to locate prey. The Shadowfin Eel emits a faint glow from its tail to communicate with others of its kind. Scientists are intrigued by its ability to withstand extreme pressure, studying it for insights into deep-sea adaptation."
31,Emberwing Hawk,"The Emberwing Hawk soars above the volcanic ranges of Firecrest Mountains. Its wings have fiery patterns that intimidate predators and rival hawks. Feeding on small mammals and reptiles, it has keen eyesight adapted to spot prey through smoky air. Nests are built near volcanic vents, utilizing the heat for egg incubation. The Emberwing Hawk is a symbol of courage among the mountain tribes, often featured in their tales and totems."
32,Leafscale Lizard,"The Leafscale Lizard dwells in the dense canopies of Verdant Rainforest. Its scales mimic the appearance of leaves, providing excellent camouflage from predators. Feeding on insects and nectar, it contributes to pollination. It can glide between trees using skin flaps between its limbs. During mating season, males display vibrant colors to attract females. The Leafscale Lizard plays a vital role in controlling insect populations, maintaining the ecological balance of its habitat."
33,Glass Owl,"The Glass Owl inhabits the crystal caves of Lumos Caverns. Its translucent feathers reflect and refract light, making it appear ghostly. Feeding primarily on cave-dwelling rodents and insects, it hunts silently in the dark. The Glass Owl's keen hearing compensates for low-light vision. Its eerie appearance has made it a subject of many legends, often associated with wisdom and the spirit world. Explorers consider a sighting of the Glass Owl a rare and mystical experience."
34,Mudslide Sloth,"The Mudslide Sloth resides in the riverbanks of Torrent Jungle. With long claws and a waterproof coat, it thrives in muddy environments. Feeding on aquatic plants and small fish, it is both an arboreal and semi-aquatic creature. It moves slowly on land but can navigate water currents efficiently. The Mudslide Sloth plays a significant role in preventing soil erosion by stabilizing riverbanks with its burrowing habits. Its relaxed demeanor embodies the tranquil essence of its surroundings."
35,Stormhorn Beetle,"The Stormhorn Beetle is native to the wind-swept plateaus of Gale Heights. Featuring two prominent horns that conduct electricity, it harnesses energy from frequent thunderstorms. Feeding on electrically charged plants, it stores energy to ward off predators. The beetle emits sparks when threatened, deterring attackers. Its exoskeleton is studied for its unique conductive properties. The Stormhorn Beetle is considered a herald of storms and is respected for its resilience in harsh weather."
36,Petal Fox,"The Petal Fox wanders the blooming fields of Blossom Valley. Its fur changes color with the seasons, mirroring the local flora. Feeding on berries and small insects, it contributes to seed dispersion. The Petal Fox has a playful nature and is often seen frolicking among flowers. During courtship, it performs elaborate dances, scattering petals in the air. Local legends say that encountering a Petal Fox brings joy and prosperity."
37,Quartzback Bear,"The Quartzback Bear roams the mineral-rich mountains of Crystal Ridge. Embedded with quartz formations on its back, it uses these crystals to absorb sunlight and warm itself. Feeding on mountain goats and hardy shrubs, it is an apex predator in its region. The crystals also provide protection during fights with rivals. The Quartzback Bear is a symbol of strength and endurance, often depicted in the art and mythology of the mountain clans."
38,Rippleback Dolphin,"The Rippleback Dolphin inhabits the tranquil bays of Serenity Coast. Its back has wave-like patterns that blend with the ocean surface, concealing it from predators. Feeding on fish and squid, it uses echolocation to navigate and hunt. The Rippleback Dolphin is known for its friendly interactions with humans, often guiding ships through safe passages. Sailors regard it as a protector of the sea, and tales of its heroism are passed down through generations."
39,Dusk Panther,"The Dusk Panther prowls the twilight forests of Shadowglade. With fur that darkens as night approaches, it becomes nearly invisible in low light. Feeding on deer and wild boar, it is a stealthy and powerful hunter. Its eyes can adjust to varying light conditions swiftly, giving it an advantage over prey. The Dusk Panther is solitary and elusive, rarely seen by humans. It is often associated with mystery and is revered in local folklore as the guardian of secrets."
40,Silvermane Antelope,"The Silvermane Antelope roams the moonlit grasslands of Lunar Savanna. Its most distinctive feature is a shimmering silver mane that glows softly under the night sky, aiding in communication among herd members. Feeding on nocturnal plants and grasses enriched with lunar dew, it is most active during twilight hours. The antelope's keen night vision and agile movements help it evade predators. The Silvermane Antelope plays a crucial role in its ecosystem by dispersing seeds of nocturnal flora, contributing to the biodiversity of the grasslands."
41,Prismback Armadillo,"The Prismback Armadillo inhabits the rocky terrains of Spectrum Ridge. Its armored back is covered with prism-like scales that refract sunlight into vibrant colors, deterring predators with dazzling displays. It feeds on minerals and gemstones embedded in rocks, using powerful claws to dig them out. The Prismback Armadillo's burrows are intricate tunnel systems that also provide shelter for other small creatures. Its unique ability to process minerals contributes to soil enrichment, supporting plant life in the harsh terrain."
42,Whispering Viper,"The Whispering Viper slithers through the dense underbrush of Murmur Jungle. Instead of a hiss, it produces a soft whispering sound that mimics the rustling of leaves, concealing its presence. Its scales have a leafy pattern, providing excellent camouflage. Feeding on small mammals and birds, it uses a mild venom to immobilize prey. The Whispering Viper is revered by local tribes for its stealth and is often associated with the spirit of the forest."
43,Aquaglow Jelly,"The Aquaglow Jelly drifts in the tranquil depths of Azure Lake. This translucent jellyfish emits a gentle blue light that illuminates the dark waters. Feeding on microscopic organisms, it filters nutrients through its delicate tentacles. The Aquaglow Jelly's bioluminescence is synchronized in large swarms, creating mesmerizing underwater light shows. It plays a vital role in maintaining the lake's ecosystem by regulating plankton populations."
44,Thunderhoof Bison,"The Thunderhoof Bison thunders across the open plains of Stormcall Steppes. Its massive hooves generate electrical charges with each stride, which it discharges to deter predators. Feeding on tall grasses that are rich in minerals, it travels in large herds that influence the migration patterns of other species. The Thunderhoof Bison's movements aerate the soil, promoting plant growth. It is a symbol of strength and vitality among the nomadic peoples of the steppes."
45,Emberbeak Toucan,"The Emberbeak Toucan inhabits the fiery jungles of Ignisia. Its beak glows with an inner heat, allowing it to scorch tough fruit shells to access the edible parts inside. Feeding on a variety of fruits and insects, it plays a crucial role in seed dispersion. The toucan's vibrant plumage reflects the warm hues of its habitat. During mating season, it performs elaborate displays involving bursts of sparks from its beak, captivating potential mates."
46,Mistmane Seahorse,"The Mistmane Seahorse dwells in the misty shallows of Shrouded Reef. Its mane-like fins ripple gracefully, blending with the swirling mists. Feeding on tiny crustaceans, it uses its prehensile tail to anchor itself to kelp and corals. The Mistmane Seahorse's coloration changes to match the shifting hues of the reef, providing camouflage. It is known for its unique mating ritual where males carry and birth the offspring, symbolizing balance in nature."
47,Gloombat,"The Gloombat flits through the dark caverns of Dusk Hollow. With large ears and echolocation abilities, it navigates the pitch-black environment with ease. Feeding on cave-dwelling insects and fungi, it contributes to controlling pest populations. The Gloombat's wings have a unique pattern that absorbs minimal light, making it nearly invisible in the darkness. Colonies of Gloombats are essential for the nutrient cycle within the cave ecosystems."
48,Starburst Lionfish,"The Starburst Lionfish glides through the coral reefs of Celestial Sea. Its fins spread out like a starburst, adorned with luminescent tips that flash in rhythmic patterns. Feeding on small fish and invertebrates, it uses its dazzling display to confuse prey. The lionfish's spines contain a mild toxin used for defense. Despite its beauty, it is a solitary creature, often occupying secluded areas of the reef. It plays a role in maintaining the balance of species within its habitat."
49,Frostveil Hare,"The Frostveil Hare bounds across the snowy landscapes of Winterveil Glade. Its thick white fur provides insulation and camouflage against predators. Feeding on hardy winter plants and bark, it has specialized teeth to gnaw through tough materials. The Frostveil Hare's large hind legs allow it to move swiftly across snowdrifts. During the aurora season, its fur reflects the colors of the sky, creating a mesmerizing sight that is celebrated in local folklore."
50,Luminescent Koi,"The Luminescent Koi swims in the serene ponds of Moonshadow Gardens. Adorned with scales that emit a gentle glow under the moonlight, it creates a mesmerizing display in the dark waters. Feeding on aquatic plants and tiny insects, it helps maintain the ecological balance of its habitat. The Luminescent Koi is known for its graceful movements and is often associated with tranquility and reflection. During the full moon, these fish gather in groups, enhancing the luminescence and turning the ponds into a spectacle of floating lights. Gardeners and visitors cherish these moments, considering them a natural form of art and serenity."
